Model,pass@1
GPT-4-Turbo (Nov 2023)ğŸ—’ï¸,âš¡70.7
GPT-3.5-Turbo (Nov 2023)ğŸ—’ï¸,âš¡69.4
DeepSeek-Coder-33B-instructğŸ—’ï¸,âš¡66.7
MagicoderS-DS-6.7B,âš¡64.4
DeepSeek-Coder-6.7B-instructğŸ—’ï¸,âš¡63.4
WizardCoder-Python-34B-V1.0ğŸ—’ï¸,âš¡59.9
DeepSeek-Coder-6.7B-base,âš¡56.6
MagicoderS-CL-7B,âš¡56.6
DeepSeek-Coder-1.3B-instructğŸ—’ï¸,âš¡53.1
CodeLlama-34B,âš¡52.9
CodeLlama-13B,âš¡50.9
WizardCoder-15B-V1.0ğŸ—’ï¸,âš¡50.6
WizardCoder-Python-7B-V1.0ğŸ—’ï¸,âš¡47.1
DeepSeek-Coder-1.3B-base,âš¡46.9
StarCoder-15B,âš¡46.1
CodeLlama-7B,âš¡45.4
CodeT5+-16B,âš¡44.4
CodeGen-16B,âš¡43.6
CodeGen-6B,âš¡42.1
Mistral-7B,âš¡40.9
CodeT5+-6B,âš¡40.9
CodeT5+-2B,âš¡36.6
CodeGen-2B,âš¡35.1
Zephyr Î²-7B,âš¡34.3
StarCoder-7B,âš¡28.8